date,workout_id,exercise_library,body_part,set,rep,weight,volume,peak_power,mean_velocity,start_time,end_time
2025-02-04,1,Seated_Lat_Pulldown,Upper_back,1,3,1,1,1,1,2025-02-04 13:00,2025-02-04 13:20
2025-02-04,1,Seated_Lat_Pulldown,Middle_back,1,3,1,1,1,1,2025-02-04 13:00,2025-02-04 13:20
2025-02-04,1,Seated_Lat_Pulldown,Upper_back,1,2,1,1,1,1,2025-02-04 13:00,2025-02-04 13:20
2025-02-04,1,Seated_Lat_Pulldown,Middle_back,1,2,1,1,1,1,2025-02-04 13:00,2025-02-04 13:20
2025-02-04,1,Seated_Lat_Pulldown,Upper_back,1,1,1,1,1,1,2025-02-04 13:00,2025-02-04 13:20
2025-02-04,1,Seated_Lat_Pulldown,Middle_back,1,1,1,1,1,1,2025-02-04 13:00,2025-02-04 13:20
2025-02-04,1,Seated_Lat_Pulldown,Upper_back,1,3,1,1,1,1,2025-02-04 13:00,2025-02-04 13:20
2025-02-04,1,Seated_Lat_Pulldown,Middle_back,1,3,1,1,1,1,2025-02-04 13:00,2025-02-04 13:20
2025-02-04,1,Seated_Lat_Pulldown,Upper_back,1,2,1,1,1,1,2025-02-04 13:00,2025-02-04 13:20
2025-02-04,1,Seated_Lat_Pulldown,Middle_back,1,2,1,1,1,1,2025-02-04 13:00,2025-02-04 13:20
2025-02-04,1,Seated_Lat_Pulldown,Upper_back,1,1,1,1,1,1,2025-02-04 13:00,2025-02-04 13:20
2025-02-04,1,Seated_Lat_Pulldown,Middle_back,1,1,1,1,1,1,2025-02-04 13:00,2025-02-04 13:20
2025-02-03,2,Seated_Lat_Pulldown,Upper_back,1,3,1,1,1,1,2025-02-03 13:00,2025-02-03 13:20
2025-02-03,2,Seated_Lat_Pulldown,Middle_back,1,3,1,1,1,1,2025-02-03 13:00,2025-02-03 13:20
2025-02-03,2,Seated_Lat_Pulldown,Upper_back,1,2,1,1,1,1,2025-02-03 13:00,2025-02-03 13:20
2025-02-03,2,Seated_Lat_Pulldown,Middle_back,1,2,1,1,1,1,2025-02-03 13:00,2025-02-03 13:20
2025-02-03,2,Seated_Lat_Pulldown,Upper_back,1,1,1,1,1,1,2025-02-03 13:00,2025-02-03 13:20
2025-02-03,2,Seated_Lat_Pulldown,Middle_back,1,1,1,1,1,1,2025-02-03 13:00,2025-02-03 13:20
2025-02-03,2,Seated_Lat_Pulldown,Upper_back,1,3,1,1,1,1,2025-02-03 13:00,2025-02-03 13:20
2025-02-03,2,Seated_Lat_Pulldown,Middle_back,1,3,1,1,1,1,2025-02-03 13:00,2025-02-03 13:20
2025-02-03,2,Seated_Lat_Pulldown,Upper_back,1,2,1,1,1,1,2025-02-03 13:00,2025-02-03 13:20
2025-02-03,2,Seated_Lat_Pulldown,Middle_back,1,2,1,1,1,1,2025-02-03 13:00,2025-02-03 13:20
2025-02-03,2,Seated_Lat_Pulldown,Upper_back,1,1,1,1,1,1,2025-02-03 13:00,2025-02-03 13:20
2025-02-03,2,Seated_Lat_Pulldown,Middle_back,1,1,1,1,1,1,2025-02-03 13:00,2025-02-03 13:20
2025-02-05,3,Seated_Lat_Pulldown,Upper_back,1,3,1,1,1,1,2025-02-05 13:00,2025-02-05 13:20
2025-02-05,3,Seated_Lat_Pulldown,Middle_back,1,3,1,1,1,1,2025-02-05 13:00,2025-02-05 13:20
2025-02-05,3,Seated_Lat_Pulldown,Upper_back,1,2,1,1,1,1,2025-02-05 13:00,2025-02-05 13:20
2025-02-05,3,Seated_Lat_Pulldown,Middle_back,1,2,1,1,1,1,2025-02-05 13:00,2025-02-05 13:20
2025-02-05,3,Seated_Lat_Pulldown,Upper_back,1,1,1,1,1,1,2025-02-05 13:00,2025-02-05 13:20
2025-02-05,3,Seated_Lat_Pulldown,Middle_back,1,1,1,1,1,1,2025-02-05 13:00,2025-02-05 13:20
2025-02-05,3,Seated_Lat_Pulldown,Upper_back,1,3,1,1,1,1,2025-02-05 13:00,2025-02-05 13:20
2025-02-05,3,Seated_Lat_Pulldown,Middle_back,1,3,1,1,1,1,2025-02-05 13:00,2025-02-05 13:20
2025-02-05,3,Seated_Lat_Pulldown,Upper_back,1,2,1,1,1,1,2025-02-05 13:00,2025-02-05 13:20
2025-02-05,3,Seated_Lat_Pulldown,Middle_back,1,2,1,1,1,1,2025-02-05 13:00,2025-02-05 13:20
2025-02-05,3,Seated_Lat_Pulldown,Upper_back,1,1,1,1,1,1,2025-02-05 13:00,2025-02-05 13:20
2025-02-05,3,Seated_Lat_Pulldown,Middle_back,1,1,1,1,1,1,2025-02-05 13:00,2025-02-05 13:20
